{
  "accuracy": 0.7467532467532467,
  "precision": 0.7560717090066641,
  "recall": 0.7467532467532467,
  "f1_score": 0.7498681989333036,
  "roc_auc": 0.8292592592592593,
  "pr_auc": 0.7192676701967403,
  "cv_mean": 0.9022187500000001,
  "cv_std": 0.014861141127955144,
  "classification_report": "              precision    recall  f1-score   support\n\n           0       0.83      0.77      0.80       100\n           1       0.62      0.70      0.66        54\n\n    accuracy                           0.75       154\n   macro avg       0.73      0.74      0.73       154\nweighted avg       0.76      0.75      0.75       154\n",
  "confusion_matrix": [
    [
      77,
      23
    ],
    [
      16,
      38
    ]
  ]
}